ERNAME,Aerospace Vehicles and Defense,Agricultural Inputs and Services,Apparel,Automotive,Biopharmaceuticals,Business Services,Coal Mining,Communications Equipment and Services,Construction Products and Services,Distribution and Electronic Commerce,Downstream Chemical Products,Downstream Metal Products,Education and Knowledge Creation,Electric Power Generation and Transmission,Environmental Services,Financial Services,Fishing and Fishing Products,Food Processing and Manufacturing,Footwear,Forestry,Furniture,Hospitality and Tourism,Information Technology and Analytical Instruments,Insurance Services,Jewelry and Precious Metals,Leather and Related Products,Lighting and Electrical Equipment,Livestock Processing,Local Commercial Services,Local Community and Civic Organizations,Local Education and Training,Local Entertainment and Media,Local Financial Services,Local Food and Beverage Processing and Distribution,Local Health Services,Local Hospitality Establishments,Local Household Goods and Services,Local Industrial Products and Services,Local Logistical Services,Local Motor Vehicle Products and Services,Local Personal Services (Non-Medical),"Local Real Estate, Construction, and Development",Local Retailing of Clothing and General Merchandise,Local Utilities,"Marketing, Design, and Publishing",Medical Devices,Metal Mining,Metalworking Technology,Music and Sound Recording,Nonmetal Mining,Oil and Gas Production and Transportation,Paper and Packaging,Performing Arts,Plastics,Printing Services,Production Technology and Heavy Machinery,Recreational and Small Electric Goods,Textile Manufacturing,Tobacco,"Trailers, Motor Homes, and Appliances",Transportation and Logistics,Upstream Chemical Products,Upstream Metal Manufacturing,Video Production and Distribution,Vulcanized and Fired Materials,Water Transportation,Wood Products
Abitibi-Témiscamingue,0,0.163252001,1.082595927,0.040097486,0,0.423671169,16.71609398,0,0.96699907,0.635404429,0.29289337,0.22900325,0.534181708,0.010862272,2.679075854,0.170528073,0,0.84050993,0,8.010257703,0.398136824,0.71313328,0.02163004,0.369038465,0.514715592,0.074285924,1.433731218,0.047591857,1.110006034,1.030318492,1.413925772,0.918264165,0.822516037,0.981105253,0.911733437,0.708049481,0.646128781,0.760797671,1.45026215,1.560113379,0.804426275,1.01620925,0.652134173,0.453232593,0.29775879,0.088838183,30.4838526,0.347640261,0,1.632259035,2.28925947,5.259109926,0.41407957,0.351008541,0.228147985,0.795001612,0.297679337,0,0,1.967642507,1.055082849,0.065490786,2.085824276,0.206772191,0.636996049,0,4.853469558
Annapolis Valley,3.284177517,2.118805612,0,0.039595145,0.646050783,0.240073061,0.08421901,0,1.215191897,0.555745633,0.170224256,0.40649174,1.40487315,0,1.414065283,0.287412589,4.329490588,1.903416743,0,0.798026818,0.486616992,1.109744853,0.009495031,0.160642874,0,0.133838213,0.093930935,2.666653783,0.48953351,0.644089461,1.821944337,0.835381663,0.919179584,1.718365958,1.293241229,0.955786503,0.929019653,1.290528439,1.113212167,1.42717166,1.090694016,1.068587387,0.919225941,0.959869947,0.329219628,0.320112964,0.022496376,0.213466014,0,0.401853677,0.024756857,2.342755533,0.349990277,0.035927047,0.240612187,0.222180664,1.219798151,6.449888937,0,0.00200868,0.548260703,0,0.286232274,0.022477853,28.58111546,0,1.030639645
Athabasca--Grande Prairie--Peace River,0.016624877,1.894861783,0.094001232,0.018797673,0.006540764,0.294096578,0.26920909,0.010441898,2.830887687,1.106947282,0.097085536,0.847149993,0.673521676,0.523070218,3.781976315,0.342155851,0.003632547,0.192557631,0,7.721184005,0.110078987,0.998497,0.000198941,0.277840712,0.046943204,0,0,0.42449923,0.988259299,0.831504383,1.386621711,0.725395233,0.776935945,0.816332407,0.75756193,0.76062742,1.143273278,0.509505642,2.48324494,1.728921284,0.63023341,1.184270439,0.841185162,1.484452582,0.238514151,0.040511197,0.090234508,0.296799589,0,1.91057393,11.13513198,3.47872579,0.243374287,0.068296008,0.155295765,0.145119026,0.264469354,0.031591964,0,0.230150349,1.376536781,3.92446649,0.143024402,0.015378601,0.034992647,0,4.57809962
Avalon Peninsula,0.080464565,0.592331137,0.181879748,0.008954841,0,0.852435399,0.148065298,1.176001051,0.871943795,0.676940974,0.101057067,0.243854856,1.255192065,1.565693145,0.37324322,0.277376034,10.08573222,0.806254988,2.544756516,0,0.340452998,0.571862754,0.249699883,0.734189045,0,0.189180376,0.08851428,0.036359965,1.012060166,1.546558664,1.188106336,0.890622151,0.671179099,0.987537113,1.182243336,1.00617162,0.712336642,0.591746133,0.580581303,1.042968137,0.836615472,1.241520406,1.102597312,1.596469796,0.64170321,0.169288529,1.608655062,0.155096731,0.096682506,0.11827857,3.925704028,0.032378975,1.260212245,0.075909627,0.374115982,0.251799627,0.22454392,0.058809775,0,0.029528402,1.508639668,0.11596127,0.341943343,0.172730846,0.038474996,8.381985282,0.217079021
Banff--Jasper--Rocky Mountain House,0,0.198381265,0.07295674,0,0,0.205118631,10.77906882,0,2.9010248,0.275664197,0.551696395,0.066860944,0.10433828,1.357334033,2.787509438,0.203431798,0,0.099110875,0,3.552408877,0.009113723,9.319068591,0.069049243,0.002892462,0,0,0,0,0.804603753,0.431894971,1.671984179,0.926001557,0.482462201,0.932016868,0.634714196,1.480901267,0.627408797,0.477578198,1.192627935,1.064102736,0.634118897,0.849834489,0.671371045,1.260220438,0.213335495,0.145843283,0.037795516,0.007010849,0,0.94768418,3.452687322,2.024763978,0.179102783,0,0.069630864,0.085491936,0.013725531,0.028216728,0,0,0.622567565,0.558360909,0.00598502,0.132442084,0.142693061,0,2.646919875
Bas-Saint-Laurent,0.005517225,0.942872532,0.208888356,0.770272794,0.227918726,0.254274179,0.033841378,0.034653068,0.805935939,0.387575056,0.399443477,1.03907194,1.135206647,0.261369826,1.741885888,0.302188877,1.14524167,0.993925028,3.175657346,4.869908116,2.256296184,1.384654452,0.579396197,0.485767021,0.467365052,3.777317304,0.165688361,3.241028274,0.519697197,1.36677772,1.786279292,1.160190438,1.262074515,1.337527289,1.303396981,0.857541669,1.121065178,1.731856474,1.234530768,1.609714819,1.013297124,0.869847886,1.129365418,0.413076166,0.20222714,0.689680852,0.009039626,0.845686967,0.344720613,2.227922894,0.0160689,1.841903538,0.445614103,0.270741815,1.061062549,1.21967577,0.748586368,0.396418301,0,1.259519669,1.033655293,0.775909094,0.055841036,0.491173629,2.166186063,2.812704508,4.37955137
Calgary,0.090683502,1.451409497,0.186010807,0.042517306,0.095600789,1.590558598,0.634891163,0.467380231,1.693861798,1.00377077,0.352132737,0.876314625,0.707046941,1.700392599,0.838450506,0.961585688,0.011494547,0.663482046,0.288378358,0.084486042,0.558622262,0.737854447,1.258124698,0.517499478,0.509291596,0.232759849,0.566696783,1.920501058,1.150672272,0.699863074,0.647385224,1.094764495,0.805742833,0.851512222,0.81824917,1.003206263,1.042267937,0.618219507,0.788457745,0.909443887,1.123260597,1.204027188,0.814379208,1.670263633,0.721635665,0.694870384,0.153725204,0.378496684,0.328689312,0.740778787,5.834347511,0.386464538,1.517045373,0.514095594,0.767626254,0.842344866,0.398026037,0.13434133,0.019670596,0.080362129,1.418967595,1.267970905,0.85824478,0.125665701,0.2480338,0.01715993,0.39150333
Campbellton--Miramichi,0.007644879,0.8713442,0.04715219,0.111914201,0,0.2177268,0.140675756,0,1.830981267,0.528396018,0,1.63357696,0.651782269,0.683328506,1.703024525,0.182254767,33.81748268,0.554504356,0,6.022781492,0.345799702,0.837049622,0.026974772,0.286689681,0.107933172,0,0,0.005987858,0.349990206,1.178764526,0.051754157,0.672910961,1.574997118,1.362832175,1.839201789,1.016802105,0.808581595,0.846139562,0.551835647,1.602541917,0.654101138,1.025590032,1.04125234,0.449803133,0.086640164,0.032117148,0.046003194,0.85643362,0,6.761134452,0.200548196,1.825086471,0.520981944,0.32902941,0.189032037,0.438819239,2.508325982,0.027038245,0,0.305796434,0.75456314,0.28645228,2.740382003,0.113131089,0.20930547,2.054439092,4.692182342
Camrose--Drumheller,0.0058542,4.702402243,0.123384981,0.116782598,0,0.263152564,2.644676961,0.202232632,2.354600392,0.941427512,0.906277525,1.295058013,0.306738213,0.03662895,4.677293284,0.311812416,0,0.786026793,0,0.082266219,0.061461732,1.385680659,0.15826085,0.090678582,0.082651708,0.071571858,0,1.315983068,0.740481338,0.785138717,1.895801096,0.781225355,1.178507065,0.998274721,1.342568453,0.980608854,1.009299091,0.942456675,1.258852399,1.779053593,0.844653093,0.960958396,1.221998837,2.727558151,0.371092145,0.277435049,0.054201438,1.266478415,0,2.427092802,7.916424239,0,0.467905498,0.213152838,0.34848324,0.836311502,0.460061699,0.059502965,0,1.032125047,0.846399113,2.467405832,1.496103693,0.00093416,0.050227831,0,0.292381127
Cape Breton,0.008800868,0,0.618314559,0,0,0.710093578,0.010796497,0,0.271775215,0.766265498,0.068424494,0.351933777,0.303606635,6.694435678,2.247735606,0.345262994,16.80698462,0.186229044,0.241223256,0.827071997,0.080548004,1.481160665,0.000526577,0.039461337,0.248507679,0,0,0.068932875,0.379773968,1.066622157,2.562791255,0.929813821,0.809250542,1.212048742,1.735371898,1.139570197,0.864277773,0.542017388,0.826536407,1.019575971,0.656267636,0.82605416,1.162271585,0.970692359,0.184793635,0.171566364,0.002883934,0.126514303,0.274942635,0.678473286,0.433662565,1.674150877,0.259155585,0.390124759,0.177316523,0.022061931,0.161441739,0.264433223,0,0.022607828,0.756057036,0,0,0.017631837,0.107681613,2.110033574,0.122926609
Capitale-Nationale,0.14781039,0.276301531,0.413744999,0.122310939,1.547774685,0.755153321,0.076715242,0.989082231,0.568932817,0.707049408,0.770839882,0.990238435,1.846661623,0.00609778,1.249390261,0.519308226,0.119249263,0.74588362,7.510559901,1.710617848,0.71661076,1.328709553,1.963963772,4.834847551,0.481578588,1.139856615,1.286145555,0.134474344,0.93042403,1.121211997,1.012079603,1.263310611,0.919982962,0.970604643,1.086672609,1.025641137,0.946534816,0.662408038,1.041421834,1.049020877,1.19389242,0.902133431,0.937916934,1.63152822,0.744136974,2.294323944,0.020491988,0.540458694,0.426245134,0.506820427,0.02354737,0.705096067,2.126513223,0.463169042,1.107315602,0.804269481,1.101925373,0.364717162,13.43680185,0.357683241,1.318218826,0.418202509,0.838506873,0.553084394,0.746986175,3.748995546,0.620519465
Cariboo,0,0.332865392,0.154399967,0.039988392,0,0.255307513,2.293510664,0,1.065853955,0.556820676,0.128936154,0.382149689,0.877541108,0.00494113,1.403930868,0.407041198,0.006039351,0.267963111,0,17.92516219,0.252872281,1.266983007,0.038517425,0.175758191,0.312184741,0,0,0.251128641,0.803895965,1.016458727,1.226537171,0.944849458,0.855855243,0.780295356,0.937614503,0.90475453,0.850301379,1.314473112,0.978255343,1.471030366,0.706417068,1.185862146,1.115225079,0.375983475,0.20388848,0.252222485,3.659128813,0.113138903,0,0.261503437,1.042614016,9.569248873,0.153478777,0.088500815,0.094744736,0.495372183,0.051835445,0.054954084,0,0.301565094,1.556034725,1.677776241,0.004662501,0.092052699,0.15277023,0.050975076,12.83857939
Centre-du-Québec,0,2.579566653,2.070042871,2.22817395,0.834136033,0.335818719,0,0,0.930412453,0.91541152,3.52838844,2.374565469,0.426936625,0.758028865,0.915930046,0.272061469,0.125203937,1.803145984,0.104705026,0.493202455,2.612011802,0.676277942,0.428816914,0.453127536,0.107866893,4.343417522,3.840442094,3.530666957,0.596101667,0.726077698,1.490471133,0.730286245,0.679836989,0.79420448,0.898356984,0.866763541,0.941357167,2.266686199,1.562402417,1.381229663,0.963152508,1.050393186,0.753352557,0.369970095,0.256629661,0.592440508,0,1.552613047,1.790118192,0.45255578,0.019005823,7.488432971,1.067035743,1.765603681,2.304476822,5.034335024,5.453495789,3.136614642,0,2.524743998,1.218429733,4.55241696,4.822670373,0.052496912,0.362522331,1.006459559,3.343578096
Chaudière-Appalaches,0.002248861,0.885027664,1.775007717,1.262218113,0.247736833,0.913234963,0.055175957,0.08474904,0.718919128,0.432707254,0.329120993,4.234628078,0.418882974,0.108546339,1.025766614,0.613835861,0.002456888,1.708010242,0.678029931,1.420121281,5.369756605,0.433809579,0.499511768,3.208367879,1.809762892,1.457179827,0.6978696,3.320280314,0.610395029,0.838304108,1.163403303,0.554879471,0.847405907,1.163490379,0.87925165,0.768750823,1.053760098,1.81759517,1.136808856,1.332165777,0.979992903,1.051616142,0.627007558,0.299879434,0.243176622,1.020849768,0.014738467,1.688875368,0.070255301,0.975811437,0.601865494,0.81708073,0.244072722,4.382282629,2.341660853,1.785684495,1.702747953,6.383176154,0,8.767870175,1.205195977,0.49029244,0.768567497,0.053044984,1.193262272,3.015801562,5.928316607
Côte-Nord,0,0.23600102,0.313414796,0.022051326,0,0.312324256,0.014958412,0,0.641129498,0.50995076,0,0.296694055,0.585041699,0.871920765,1.620616685,0.215260907,16.09229293,0.211846697,0,4.583591747,0.362733521,1.336584429,0.000729565,0.402593491,0.172152145,0,0,0.009550564,0.476565047,1.69132283,1.516899314,1.196245147,0.996350571,1.239342163,0.874544693,0.936670246,0.803213504,1.465627943,1.126039149,1.442923307,1.117337556,0.925920315,0.723439028,2.282143154,0.056788165,0.029712882,29.57141731,0.96678997,0,2.282818239,0,2.319515161,0.718113661,0.00397295,0.145168536,0.02015221,0.100045059,1.908490957,0,0.015661432,0.465806568,0,10.28441687,0.03450765,0.024001617,2.361228047,1.51892703
Edmonton,0.018172648,1.055181168,0.192944201,0.118826287,0.38890073,0.894651754,1.659521527,0.176398736,4.346684889,0.985498285,0.609215211,1.505411579,0.821995627,1.355586113,0.875657189,0.64104922,0.006016267,0.556814125,0.030187555,0.264560881,0.597180176,1.007476694,0.417856012,0.821783847,0.062198307,0.545335859,0.32760433,0.414072497,1.507636845,0.833285836,0.743712957,0.825087877,0.905701414,0.804022321,0.816686226,1.042491173,1.036384009,1.092534184,0.948563368,1.078246717,0.974462214,1.311004797,0.947058956,2.704459098,0.331011893,0.595641574,0.2224784,0.931235096,0.086018301,0.84368507,4.244894539,0.029331305,0.641220473,0.719621462,0.569025801,1.062068338,0.310766379,0.243229236,0,0.366411352,0.911129291,2.585127472,0.513966149,0.0890831,0.360377735,0.007979753,0.441554092
Edmundston--Woodstock,0,4.553932825,1.341804447,0.157379571,0,0.479131702,0,0,1.062201353,0.502745474,0,0.502623968,0.293119766,0.20742897,1.312651341,0.172889568,0.158457715,4.931451193,0,7.15914022,0.353513635,1.416777298,0.025597237,0.396112845,0,5.319692677,0,1.147394537,0.766253861,1.496087106,0.054448093,0.717201747,0.926736495,1.062896207,1.376229978,0.835367685,0.760575819,0.501936101,2.163464477,1.945676485,0.677674954,0.949170729,1.037777993,0.46312216,0.136713757,0.035343306,0,0.182767288,0,0.532418461,0,6.221658295,0.122027452,1.54007692,0.212525732,1.275673084,0.969024714,0.060910159,0,6.696203431,3.324445761,0,0.12233256,0.001735823,1.134898436,0,5.724607705
Estrie,0.320395968,0.640247417,5.875497828,2.099000448,0.2962272,0.384015808,0.003930469,0.5835876,0.844480862,0.560010317,0.533073257,1.389310478,2.12294934,0.163237824,1.426934713,0.448627806,0,0.840743826,9.659916844,0.782286549,2.488957739,0.780051713,0.484235281,1.568496828,2.30696774,1.488488211,0.201600565,0.358859093,0.65649721,1.047566143,1.516169271,0.985634988,0.840518575,0.964567806,1.031255188,0.986394631,1.016935569,2.327576446,0.767683676,1.133284789,1.155962921,0.847926406,0.85698692,0.547512024,0.458034757,1.451143373,0.001049897,1.621341667,0.60055788,0.733482223,0.001449129,3.248503447,0.517553541,2.372451477,0.469470206,2.617252953,8.145492876,4.121603403,0,1.603015369,0.74959762,1.649610175,0.589913309,0.308892694,10.11048808,0.012661955,3.746024217
Fredericton--Oromocto,0,0.611748003,0.384156872,0.105914404,0,0.794903443,0.02313695,0.131374607,0.510605494,0.478771265,0.026019352,0.310988972,3.009747363,2.61744371,1.719166738,0.214610269,0.237654814,0.367674494,0.229321127,2.491059669,0.516544457,1.031356209,0.927740248,0.388784421,0.354369198,1.125169246,0,0.013106335,0.777970722,1.895767232,0.129389788,0.888436038,2.00297746,1.217056525,1.096703553,0.947556929,1.037406034,0.540594567,0.518249797,1.484271709,1.190640094,1.113789116,1.465261515,3.873026695,0.923352373,0.366977603,0.006180286,0.166456914,1.568260612,1.775769649,0.015136676,2.387320608,0.534971952,0.554568677,0.598787746,0.388873433,2.507067759,0.754650197,0,0.389932476,0.663699245,0.313496035,0,0.087294013,0.014316616,0.011021555,2.937651842
Gaspésie--Îles-de-la-Madeleine,0,0.211994857,0.301876578,0.002811047,0,0.400837796,0.015116438,0,0.510986522,0.299457563,0.114963355,0.091557801,0.647680099,0.605778271,2.253425304,0.366276874,34.58430618,0.752578718,0.337742539,6.655815022,0.184778737,2.472501834,0.014002616,0.085387563,1.043824909,0,0.140972407,0,0.491623575,1.690769698,1.430722619,0.998015763,1.191091829,1.560056858,1.367537969,0.734000415,0.731568455,0.180146566,1.435772833,1.427533079,0.803103457,0.766960208,0.473624345,0.071956239,0.160998749,0,0.004037866,0,0,3.211593219,0.005573298,0,0.787902918,0.087665346,0.203126048,2.284960047,1.49658013,0,0,0.083656388,0.441447805,0,0.311791948,0.104493707,0.056672798,7.726654967,2.572243217
Halifax,4.968630991,0.165660995,0.495229209,0.004179313,0.662971899,1.7168566,0.427615039,1.15621652,0.563510523,0.851703039,0.059891213,0.401209819,1.783585319,0.883066281,1.338235187,0.990011732,1.138248701,0.471378174,0,0.096410852,0.177339985,0.774975799,0.464586725,1.157877604,0.842874733,0.258990887,0.288691443,0.061844598,1.107453916,1.132044729,0.786075019,1.200304991,0.963894236,0.830607102,0.871832656,0.999690715,0.968768034,0.663204901,0.730338725,0.889742623,1.285932076,1.087645106,1.066481627,1.167317075,0.52381486,0.958104573,0.326489114,0.308873116,0.060163572,0.763774162,0.203822922,0.203319532,0.623799154,0.513804556,0.835980968,0.231904849,0.06964202,0.108132839,0,0.005653824,1.138382578,0.220756574,0,0.68676992,0.085766364,3.782571493,0.232912637
Hamilton--Niagara Peninsula,0.543838564,0.876380385,0.882061929,1.118135916,0.488568024,0.741767089,0.061548691,0.6742801,0.685434071,0.908858074,1.547564565,0.984277163,1.046736309,0.006617748,1.309815659,0.73557726,0.024265846,1.563122617,1.143783929,0.120593204,0.810642929,1.036038595,0.488279548,0.475182155,0.93125586,1.538774593,1.161764058,1.855676121,0.765084381,0.932944943,1.497672237,0.80644002,1.005805786,1.06148011,1.143286877,1.127351994,1.254964365,1.428202796,1.024447,0.975049637,1.239406406,0.886023353,1.111160224,0.796958061,0.672279523,0.853196253,0.016440736,1.921047222,0.294376578,0.327444243,0.123022227,0.611365738,0.735588286,0.967626919,0.952772107,1.787419193,1.253590614,0.740049924,12.15582048,1.265934127,0.606508297,1.678530222,5.209072899,0.388242838,4.351335569,1.559613347,0.397965382
Interlake,0.229822641,2.537087898,0.165394786,0.559705404,0,0.272602608,0.565461877,0,0.888715378,0.553357816,0.023824162,0.400457855,0.062203919,5.477980006,1.133672752,0.189568675,0.820201374,0.553261951,0,0.242218931,1.597570121,1.494738767,0.287278129,0,0.216314611,0,0,0.4080199,0.31653719,1.999226425,2.1350243,0.508700635,1.816733648,1.053824871,1.338254307,0.863568372,1.500064434,1.709483138,1.053094303,1.455033781,1.094037842,1.475526621,0.739903259,0.140402893,0.308558497,0.037335176,0.151044796,0.180021965,0,1.866571246,0.041578894,0.437181617,0.154685574,0.724100887,0.028062901,1.437199282,2.271881506,2.69284973,0,0.785804006,1.330228809,0.287047125,6.461347434,0.066262362,0.03015879,0.222017241,0.295177963
Kingston--Pembroke,1.118408154,0.518822635,1.278772259,1.011649055,0.679631624,0.418688865,0.047613909,0.034775227,0.579362321,0.56862814,0.268608422,0.53262487,2.018030703,0.312769887,1.276044632,0.265326494,0,0.928911585,0.060701945,1.030905464,0.871151741,0.878949389,0.274835341,0.620182174,0.031267507,0.189531652,1.523372283,0.508250065,1.107294258,1.111465611,1.587554505,0.949476319,0.860827829,1.072115607,1.433824064,1.090217498,0.952087202,0.658666462,1.107558531,1.12713875,0.94264244,1.015564242,1.249573326,0.833311568,0.309566927,1.227682876,0.012718511,0.64179351,0,1.18259338,0.028938032,2.022177459,0.212412863,1.108227667,0.405639233,1.05434031,0.677707899,4.211993861,0,0.067049906,0.701113003,0.450476112,1.318453099,0.190767257,2.21167838,0.27423903,1.058816457
Kitchener--Waterloo--Barrie,1.06722947,1.043942991,1.055692237,5.664315758,1.406157511,0.667134163,0.069908161,2.858695576,1.122954594,0.750671961,1.168607573,1.85412714,1.394249769,0.038259242,0.784007692,0.445848674,0,1.2381984,0.410619123,0.056390085,0.80524846,1.060541068,1.727230732,0.699350503,0.050359397,4.474230369,3.152366629,1.31309139,0.803007312,1.051603086,0.749174802,0.879240028,1.019017333,0.951793964,0.998426574,0.973525744,1.412808152,1.620227505,1.053048353,1.053679544,0.84338839,1.006973673,1.007440501,0.880637113,0.613915148,1.893599696,0.018673697,2.720064999,0.111432737,0.893114656,0.06491908,0.913972011,0.64941227,2.362325933,0.615445142,2.833600206,1.049369588,3.193444977,0,3.82454118,0.944312902,0.065693219,0.607562121,0.10539937,2.073094078,0.045108659,0.595363098
Kootenay,0.069139541,0.905632174,0.386585935,0.460654878,0,0.192880301,38.58057877,0,0.896711237,0.29248479,0.107508441,0.442669435,0.645586169,1.10115581,0.912745406,0.279773767,0.013733672,0.734077342,0,7.204076913,0.032469096,3.126281669,0.2061888,0.181905466,0.177479462,0.384218763,0.026965414,0.00984611,0.603630143,1.253718116,0.954208461,1.024294951,1.144317946,1.215756412,1.325164619,1.140243986,1.030163027,0.789750604,0.854226159,1.276939505,0.796724105,0.958923201,0.818302598,0.323455337,0.384482589,0.155798447,0.419226077,0.196553573,0,1.297470486,0.068228398,4.184763599,0.756200318,0.083460519,0.171044289,0.152080078,0.326070127,0.024993461,0,0.048438243,0.847854546,0.141307984,7.952004199,0.958219203,0.333669184,0.57959457,4.218457439
Lanaudière,0.145555511,1.668239142,0.45961137,0.249457545,0.033686025,0.364587308,0.052517869,0.826694893,0.81183194,0.535685883,0.794378687,2.850404777,0.516548684,0.012755203,1.40977851,0.218762742,0.003118038,0.767387517,0,0.63167406,2.012058871,0.591628301,0.143414968,0.226854127,0.846178673,3.559044429,0.223518558,3.762213774,0.828440287,0.761272491,1.725524534,0.916613421,0.909450809,1.306254845,1.090972205,1.173258208,1.289182209,1.309816297,1.249858286,1.482052188,1.443139387,1.512918003,1.041572481,0.324864493,0.325847027,0.990686684,0.014028445,0.679266081,0.178322051,1.028806032,0.020368437,0.437042265,0.833210944,2.219603416,0.649326392,1.678289019,2.611035836,0.317373179,0,2.126031929,0.765278969,0.162500984,0.264386715,0.069283406,3.063889157,0.026317764,1.348369709
Laurentides,10.69706866,0.337661132,0.755613172,1.068365728,1.809670335,0.321588968,0.438850098,1.668930225,0.599349023,0.661494079,2.212291498,0.893923989,0.423716123,0.093563288,1.764164862,0.181025878,0.475028695,1.934081536,0,1.476262996,1.120719698,1.546062787,0.533683534,0.160004221,0.198941586,1.624283863,1.707064588,0.878211874,0.619232724,0.506631328,1.888145592,0.941793656,0.756467799,1.136329104,0.930136857,1.281142561,1.037459284,0.815506599,1.243364336,1.397026306,1.361335245,1.312982944,1.063769052,0.328809967,0.465752464,0.661677731,0.117224566,0.772977555,0.440207919,0.860893104,0.002023026,1.062613433,0.477594543,1.40504074,1.027574582,0.861932609,1.932633651,1.830840235,0,1.511270801,1.022867115,0.498607721,0.270655915,0.875421449,1.069397165,0.087508379,1.349332601
Laval,1.58850114,0.201295409,0.978692677,0.701085458,2.090446494,1.051442744,0.027018365,0.103749015,0.989194981,1.531969035,1.904968525,1.323198778,0.940540506,0.002460768,0.421849814,0.545000276,0,0.370026786,0.075458015,0.012089706,0.959082161,0.364091668,0.591883034,0.379299276,1.166050275,1.00973575,0.81889285,1.55470451,0.935484268,0.805767931,0.943776748,0.966735754,1.040769503,1.247806323,0.878631362,1.018731177,1.193569532,1.590820578,1.303725146,1.257682045,1.449808651,1.378583847,1.095879692,0.289441264,0.502444221,2.073188403,0.00721708,0.547198247,0.08600591,0.328999743,0.013696971,0.264467419,0.409969924,1.031670673,1.865711327,0.634907955,2.281013383,0.707196791,0.540442542,0.114633271,0.48357773,0.104378126,0.34725513,0.08263028,0.508189636,1.929371299,0.37973203
Lethbridge--Medicine Hat,0.43404335,2.472396993,0.126607961,0.195705859,0,0.38105502,0.070131765,0.010405257,1.091880769,0.921838067,0.511795022,1.323708534,1.311720385,0.305040802,1.148535703,0.590422471,0,2.119810372,0.090814558,0.101850668,1.73717305,1.058989164,0.080375198,0.567237189,0.51456329,0.44558366,0.236910245,8.683376329,0.895451655,1.173536246,1.703767791,1.167378687,0.804743808,0.793423455,1.07404815,1.031723901,1.00708795,0.868648217,0.824337259,1.32352392,0.993978459,1.102659832,1.301923165,0.760321816,0.405469147,0.327629019,0.018733426,0.395318842,0,1.626702397,2.882036703,0,0.323360385,0.313653313,0.251849396,0.444859443,0.831521772,0.065158069,0,2.156827031,1.048310814,2.619707119,0.019561916,0.049138279,1.48567771,0.004364699,0.65380053
London,0.001356826,1.384514682,0.699813217,7.170222734,0.18950578,0.677141417,0.043276765,0.029827245,0.503947706,0.76200945,1.018562428,0.748101774,1.233592149,0.002425565,0.744913332,0.475376231,0.128963316,1.352666638,0,0.025025191,0.629708365,0.430159041,0.563672349,2.846082307,0.632153172,1.260701969,0.620906324,0.758792738,0.980931011,1.02271938,0.94408403,0.760572113,0.83971069,0.846602821,1.462774095,1.125963609,1.079710036,1.268097092,0.897144386,0.877551803,0.839344684,0.875191457,1.128208677,1.200502644,0.680153484,2.141332937,0.011559984,1.658543878,0.084775557,0.276811709,0.036343526,0.819477226,0.648394657,1.2807818,0.725852651,1.552176734,1.860939905,1.506847356,0,0.158647234,0.894295381,0.419081989,1.293733596,0.052733953,0.822134082,0.260957268,0.817825325
Lower Mainland--Southwest / Lower Mainland--Sud-ouest,0.343117313,1.910443943,0.877478542,0.125320303,0.693489297,0.991945722,1.384428983,0.500204797,0.686655309,1.012202583,0.865304942,0.702084144,1.073068882,0.311889511,0.858489723,1.26529767,0.715828402,1.044543031,0.242892981,0.834256253,0.662823091,1.116651966,1.482839824,1.055108601,0.695946141,0.741464224,0.997130968,0.830317384,1.004531075,1.093403548,0.793835838,1.428834529,1.223412408,1.086727986,0.824592963,1.274638323,0.982693694,0.84461976,0.912086921,0.850222077,1.003009895,1.079292586,1.1201252,0.435393376,1.106649236,1.305471935,0.847116764,0.451170363,1.185245922,0.485702498,0.117131833,0.540226733,1.048923535,0.481679896,0.953144936,0.711630155,1.00639122,0.281972336,0,1.105036106,1.173774129,0.423364778,0.444353499,2.822292932,0.673821575,2.224961101,1.018822228
Mauricie,0.294018685,0.693193227,1.538432269,0.500908254,0.008033087,0.326754058,0,0.018851742,0.746592328,0.445088944,0.704825307,1.560353731,1.141487985,0,1.077680798,0.455958508,0.089226794,0.701855148,16.78909761,2.585899988,2.579116584,1.28006616,0.317502409,1.103594578,0,0.049924899,1.305359921,1.375345358,0.655393306,1.02034612,1.578083171,1.375519701,1.12312887,1.094041122,1.36420403,1.028766017,0.897696694,2.19582927,0.938135732,1.340060872,1.152969198,1.041651725,0.943359766,0.109945162,0.222700866,0.737041132,0,0.662056137,0,0.633673113,0.001846982,5.049226721,1.254013791,1.273662424,1.480943981,1.650638831,1.041377885,0.655390467,1.603283195,0.569869156,0.914344191,0.104700807,0.522605111,0.023968433,0.160405886,0.93063847,3.806406874
Moncton--Richibucto,0.132599714,0.550686276,0.240815212,0.143879996,0,0.843271988,0.231133358,0.707917304,0.366315058,1.116183507,0.206185758,0.513485029,0.872435115,0.003950756,1.021141029,0.187403985,11.86932635,0.561879511,0,0.679349728,1.842114159,1.036961384,0.573909166,2.765561416,0.124806048,0.378263235,0.316040953,0.522756156,0.902986494,0.910894053,0.950425478,0.827928995,0.734096799,0.981003566,1.23690141,0.990118327,0.821686256,0.995359087,1.638935898,1.617473981,0.997823564,1.050584989,0.93438517,0.453429294,0.399784231,0.381795606,0.061739778,0.105547402,0,1.342347048,0.005997396,2.446715099,0.528051998,1.291244194,0.249811327,1.006596374,0.526646502,0.108441623,0,0.077801012,1.551957715,0.100449193,0.082015427,0.079591957,0.177366855,0.931609221,1.363993851
Montérégie,3.872846446,1.908447937,0.691003554,0.695692822,2.41596143,0.553203342,0.117669071,0.766636839,0.850556693,0.882705943,1.985393174,1.915187386,0.483105196,0.295924934,1.444779217,0.415896782,0.031341471,2.149607583,0.042502888,0.119850949,1.54147063,0.600837392,1.168990645,1.093830377,0.273664899,1.251248234,2.64794152,2.315594273,0.752842697,0.714736156,1.57098222,0.849533965,1.016056923,1.208355217,0.867546885,1.087580872,1.214786538,1.391207529,1.036790544,1.478113233,1.433852063,1.111461575,1.00354312,0.398409018,0.542046832,0.838632213,0.031431475,1.302599397,0.339109064,1.545153421,0.018219181,0.872405943,0.740385084,2.03344152,1.362507696,1.15730215,1.779385574,2.415184496,0,1.568748098,1.124676529,2.759681508,3.005768497,0.493562427,1.755407802,0.496390565,0.757374719
Montréal,2.703280743,0.162626934,4.179470627,0.201218688,2.287795559,1.489894179,0.076329186,2.997517293,0.692272053,1.508067921,1.468807717,0.655213188,1.602161843,3.137811783,0.38814484,1.317150877,0.012655122,1.232497945,3.555945935,0.15609311,0.773391604,0.687938921,1.662449292,0.952431429,1.808300864,0.639303776,1.654149005,0.490712263,1.166614502,1.065072265,0.744712332,0.93016439,1.007718236,1.020147014,0.944478368,0.800103763,0.800884685,0.901481513,0.858494481,0.515389221,1.035767329,0.525361867,1.019595266,1.90798121,1.401932312,1.371489788,0.197310034,0.66621421,2.688223336,0.093385125,0.026825958,0.740060349,1.963886204,0.834541903,1.282878726,1.072700731,1.839164147,2.158981431,2.598802186,0.501792741,1.2289195,0.623772067,0.655733593,4.356646384,0.584032107,0.7446561,0.160393929
Muskoka--Kawarthas,0.226980303,0.260779323,0.096947804,0.763587754,0,0.371210707,0.026700581,0.009764642,0.477967756,0.401855873,1.288775719,0.602098499,0.450909349,0.04724688,1.175236185,0.401596801,0.016984712,1.484758984,0,0.297663671,0.343912893,1.791730785,0.834919525,0.335865024,0.087796987,0.266095856,3.650568435,0.136381108,0.610748949,1.099625657,1.890152311,1.380779401,0.827152536,1.268656065,1.22568343,1.240220953,1.660320749,0.56791765,1.308466681,1.274195531,1.020327506,1.228400566,1.246283345,1.092662701,0.465658958,0.434378828,0.007132194,0.768943556,0.097136374,2.041081827,0.230662777,1.644292923,0.368851401,2.58153276,0.46129775,0.960770875,1.134919743,0.116172054,0,0.655446416,0.614358953,4.089348016,0.42489841,0.236947102,0.427047868,0.172031139,1.147151163
Nechako,0,0.093829189,0.18691099,0,0,0.514315977,5.131531381,0,0.573969776,0.361713188,0,0.144861009,0.10098983,0,0.343165535,0.187625022,0,0.167427429,0.597941081,37.36227977,0.014965096,1.301658411,0.061975752,0.008892386,0,0,0,0.461348775,0.616597911,1.045924409,1.521244968,1.175752384,1.063292701,0.634453006,0.505320509,0.808717697,0.639421846,0.366416465,1.672518125,1.436120473,0.416741264,1.006965653,0.535354413,0.435565489,0.306879868,0,1.611173565,0,0.681524243,1.424019303,0.069068957,0,0,0,0.33963674,0.047357142,0,0.072289642,0,2.316126732,2.037590087,0,0,0.033044655,0,1.753020644,23.85135065
Nord-du-Québec,0,0,0,0,0,0.299963139,3.95193272,0,0.763003215,0.27396964,0.182254661,0,0.029833249,0,0,0.102575049,0,0,0,8.400144401,0.16080789,1.023791396,0,0.095553403,0,0,0,0,0.580877711,1.274088429,2.254540118,0.380036007,0.729704955,1.238417168,2.15109026,0.318554476,0.602892019,0.388554659,0.40118048,0.666694311,3.328718513,0.81889212,0.656127457,0,0.233253382,0,38.5204122,0,0,0.095140222,0,0,0.019722392,0,0.021468098,0,0,0,0,0,1.199725203,0,0,0,0.040112758,0,6.785618264
North / Nord,0,0.819013204,0,3.443691589,0,0.072698519,1.581749342,0,1.911049577,0.31850189,0.148048411,0,0.50558564,1.702066682,0.52001804,0.183886063,4.139935816,0,0,1.070364435,0,1.979542996,0,0.100905449,0,0,0,0,0.382766377,2.950355231,2.28560466,0.557373799,0.701942148,1.362895148,1.39655941,0.740100314,0.229879444,0.147477615,0.471511138,1.425872851,0.916562886,0.666387146,0.859528848,0.14880275,0.103514684,0,21.41096029,0,0,0.032201643,0.00861267,5.433479231,0.016020818,0,0,0.082673899,0,0,0,0,2.478157201,0,8.030437628,0.001899115,0,0.050169541,0.29348779
North Central / Centre nord,0,6.751574258,0,0.272215954,0,0.205334621,0,0,0.022659423,0.907030389,0.33436825,0.418716443,6.627605204,0,0.060802935,0.126539098,0,5.625920138,0,0.056658391,0.17701293,0.828025769,0.019269196,0.447025943,0,0,0,0.421065677,0.285648673,0.755429743,1.29912864,0.259629703,0.81909268,0.432470693,1.254916776,0.609408743,0.868225503,0.396117741,0.897169639,1.163257895,0.949813706,1.219908396,0.563725787,0.248874847,0.219436328,0.242097761,0,0.021758879,0,0.179398521,0.019451768,0,0.018091558,0.145977191,0.039385826,1.638878547,0.756135592,0,0,1.374020152,3.2897705,0,0,0.001072291,0.004232737,0,1.346401843
North Coast / Côte-nord,0,0,0.041248295,0,0,0.370485253,7.094586076,0.581637491,1.23291302,0.565784868,0.143995014,0.800570753,0.649625589,0.910506313,0.393959578,0.134138603,11.85719191,0.128116216,0,6.76688395,0.063525218,1.964080109,0,0.26423054,0,0,0.132429093,0,1.095919786,1.352716228,1.505455531,1.383372526,1.016499831,1.035681331,1.043818379,0.938266068,1.035904811,0.788499623,0.852242475,1.302113792,0.49863115,0.874426575,1.000274597,1.276308735,0.291738694,0.090262637,1.895088506,0.208816735,0,2.44255261,0.067014917,0,0.186986233,0,0.186575695,0,0.035824196,0,0,0,0.826004449,0,15.62114668,0.046340681,0.018228198,9.807987185,2.007087376
North Shore / Côte-nord,0.933399516,1.378341312,0.820887644,0.060768239,1.224098444,1.461248201,0.86389709,0.229618781,0.209813895,0.556430412,0.106435149,1.279437401,1.381872964,1.852164026,1.972597129,1.548275129,4.792788777,1.867176657,0,2.328198131,0.102447731,0.950798454,0.216044045,0.071021189,2.635614391,3.803829807,0.340376133,0.370416889,0.345743592,0.700335512,1.143829506,0.803665754,0.740395189,1.430123399,1.391090138,0.873645623,0.995582932,1.134019717,0.824012143,1.279042399,0.618119165,0.804280898,0.927881569,0.645612888,0.345389404,0,0.108416762,0.081716946,0,3.173080307,0.016886813,2.04190011,0.151824313,2.308975348,0.985878569,0.158136346,0.043761987,5.414745422,0,0.039883354,0.938342631,0.055259377,0.057732523,0.021154972,5.714653897,0.622991854,1.483555847
Northeast / Nord-est,0.014155526,0.449654712,0.141720813,0.073114145,0.003480776,0.612825888,27.43739697,0.206389185,7.855561471,1.520429075,0.363572863,1.175494984,1.4573655,0.62223789,5.547531323,1.251190268,0.115268693,0.255731153,3.245112115,7.741504758,0.149996613,3.858359684,0.133396335,0.636537313,0.124908022,0.45428676,0.179657933,0.390619353,2.01942391,1.601661647,2.934159009,1.449797383,1.765405907,1.477608822,1.849219096,1.616437625,1.59588425,1.194630525,3.449034981,2.580120182,1.232035535,2.168523182,1.824396739,3.195330947,0.469868024,0.107448831,13.39948287,0.886354546,0.055278036,5.414883474,11.44849871,2.303694418,8.858296068,0.139795865,0.300429407,0.864932619,0.468580867,1.8476458,0,0.525599208,2.08993372,2.408879469,6.233788119,0.210626203,0.614934631,1.266454506,6.201033929
Northern / Nord,0,0,0.108860494,0,0,0.148490023,6.000926136,0,0.034462974,0.208398551,0,0,0.687109134,0,0.082746065,0.258812431,5.691240134,0.865672408,0,0.111592297,0,1.852290513,0,0,0,0,0,0,0.381395067,1.587359446,2.833220399,0.762304488,0.273212545,1.553892328,1.093549074,0.254964017,0.309277753,0.264420507,0.438741769,1.762554495,0.787220812,0.569898698,1.195861469,0.686244733,0.836119937,0,64.69253153,0.642832405,0,1.654440968,0.574672375,0,0,0,0,0,0,0.042102854,0,0,3.715791726,0,0,0.006335834,0,0,0.030597968
Northwest / Nord-ouest,0.050312541,0.964766058,0.237066461,0,0,0.208090392,2.157708028,0.013166975,0.623171223,0.567700073,0.052155614,0.466315923,1.541957905,0.768259186,0.463533438,0.201807292,0.169480441,0.219195199,0,7.515744913,0.03851209,1.602090377,0.076231076,0.651138797,0,0.102517913,0.011991597,0.167481196,0.612449519,1.736616835,1.564007747,0.85298995,0.871509625,1.181712491,1.461756941,0.920312463,0.736820853,0.337611511,1.021777569,1.495111009,0.71233182,0.947534586,0.924353934,1.709710523,0.297895236,0.367802054,10.35026443,0.139463066,0,1.192955973,0.136012247,8.892808703,0.299834043,0.123537075,0.180465368,1.907802856,0.238356603,0.296573852,0,0.046874651,1.218493771,0.174671819,0.024753954,0.005268648,0.107803488,0.640686326,1.877774489
Northwest Territories / Territoires du Nord-Ouest,0,0,0.202517425,0,0,0.503257424,19.22048183,0,2.422042795,0.519381115,1.131159453,0,0.610591777,6.502294753,0.949908391,0.386917207,0.913962662,0.030977128,0,1.357690292,0.062378159,2.076281799,0.000217122,0.82285694,0.256762778,2.223425196,0,0,0.654845337,2.20799178,0.806910557,0.857103909,0.789577505,1.349989075,0.412579938,0.742053199,0.395218414,0.118815005,0.558527626,1.240623576,0.403934935,1.486352231,0.550254301,2.405702999,0.290807572,0.003208726,5.154173368,0,0,29.55966436,1.17626162,0,0.18360987,0.049031924,0.499654758,0.007244726,0,0,0,0,5.890371237,0,0,0.003627533,0.311198661,0.239574299,0.043796576
Notre Dame--Central Bonavista Bay,0.652910963,0.308901401,0,0.002978928,0,0.279550034,1.984201761,0,0.559527846,0.33237319,0,0.102505657,0.269006874,1.750790233,0.332305853,0.049257814,31.58525836,0.319239388,0,2.580480016,0.107492953,1.781583007,0,0.015968305,0.184360663,0.319292497,0.373478821,0.010227861,0.493809039,2.021813931,0.058400385,0.559081372,1.056311958,1.328289276,1.729207921,1.01872639,0.654925336,0.323584684,1.196971545,2.215292801,0.620718363,1.035529043,1.594529548,1.889791674,0.060400529,0.190920189,3.408583783,0.089926001,0,0.179604989,0.017718434,0,0.637204691,0.143862568,0.143504729,0.111903982,0.085855711,5.629479246,0,0.011980067,1.790096352,0,0,0,0.089963091,3.990840819,0.817616595
Nunavut,0,0,0.05541787,0,0,0.430141798,7.974494154,0,0.754398364,0.267871035,0.502881668,0,0.88156438,4.336105962,0,1.434657486,3.003250198,0.011017248,0,0,0,2.184301739,0,0.395480048,0,0,0,0,0.730019107,2.099628858,1.733808237,0.287918427,0.165577332,2.538918566,0.686351167,0.227710768,0.014048181,0.054895377,0.481420268,0.231552981,1.264879211,1.616231586,0.879703092,0.673743027,0.351612262,0,27.08241731,0,0,2.198548946,0,0,0.299301868,0,0,0,0,0.0214334,0,0,4.137890136,0,0,0.7286474,0,0.255619183,0
Ottawa,1.169297703,0.970379427,0.113800072,0.17979843,0.459219468,1.17742254,0.06932603,2.806417781,0.23634556,0.609037847,1.006522785,0.386782922,1.448154416,0.045954876,0.808503301,1.161533956,0,0.607046884,0.019042968,0.069563249,0.273029609,0.595237524,2.240404151,0.372409138,10.12290079,0.645549179,0.824419239,0.189918505,1.01121181,1.329809313,1.430598203,1.796989664,0.715255176,0.934292064,1.202598486,1.138484675,1.292069922,0.616597677,0.875706243,0.891594009,1.153389623,1.027822033,1.105767758,0.67995183,1.080582347,2.664858057,0.0185182,0.361005757,0.151934219,0.504450183,0.023354444,0.23855431,0.663443366,0.246416853,1.323737328,0.36253963,0.461112483,1.456572518,0,0.066057091,0.622254789,1.258775769,0.43187693,0.838639934,0.125413452,0.210504449,0.269120022
Outaouais,0.02191675,0.301647251,0.119420572,0.080856122,0,0.452543552,0,0.894768185,0.175647125,0.223576105,0.034079423,0.139683879,0.677119629,0.21549031,0.76405054,0.230824952,0.052677081,0.325159515,0,1.412883153,0.498834943,1.748814174,0.310138083,0.351986477,0.061885722,0.05358965,0,0.072098516,0.686406564,1.059672845,2.330172528,1.041308733,1.000903409,1.517788794,1.211769434,1.344552347,1.085102641,0.616542993,1.217596774,1.291098462,1.797287779,1.164256616,1.352159124,0.408638409,0.564937947,0.950632836,2.415676646,0.00567093,0,0.906917411,0.011895358,3.572942807,0.387224181,0.13766434,0.777624825,0.044865191,0.218367749,3.814238873,0,0.044180268,0.251574717,0.821216764,0.00369707,0.138115147,0.009490983,0.323360262,1.902407117
Parklands,0,2.291109558,0,0,0,0.169314768,1.250919576,0,0.467454077,0.798065487,0,0.095862392,0.069355131,0,0.284056914,0.042551746,2.01975446,0.97137849,0.858850088,3.82536191,0.114023026,1.692305566,0,0,0,0,0,0.539942186,0.526902694,1.398586111,2.275012396,1.029097106,2.175377067,1.454472589,2.016081859,0.971859437,1.216966253,0.274524655,0.890644321,1.542400137,1.229552042,1.00997016,0.747336817,1.023000843,0.150414759,0.076355505,0.334142582,1.661203407,0,0.787072296,0.084251411,0,0.342715755,0.008751084,0.028696221,0.526403729,0.220365917,0,0,0.034496913,0.108819943,0,0,0.00656261,0,0,3.858948456
Prince Albert,0,2.278705085,0.063708903,0.044824489,0.012189582,0.17335995,0.344648638,0,1.378670702,0.720345413,0.047118022,0.910992051,0.343601918,0.033232187,1.700044046,0.351550556,0,0.977264123,0,2.193248525,0.179307586,1.995763041,0.008156571,0.113661893,0.437424478,3.787856693,0,0.868765731,0.791211124,1.237974753,2.194988828,1.282495353,1.768979061,0.899724706,1.54658397,0.791879762,0.845571691,0.440245542,1.539204217,2.066095923,0.796523033,0.863710829,1.08032373,0.790779716,0.56751882,0.528485975,0.092061702,0.329804132,0,1.580366175,2.065861094,1.17873955,0.130333422,0.247290367,0.334812603,2.405265511,0.128194301,0.024640037,0,6.925926616,1.045397996,0.751576333,0.005226372,0.01519522,0.077384961,0.008162839,2.56612204
Prince Edward Island / Île-du-Prince-Édouard,2.463085388,2.838041436,0.270941088,0.04474392,3.363322826,0.773058755,0.006554445,0,0.845504674,0.976995009,0,0.329572961,0.970966383,0.439364809,1.461956331,0.47241897,12.03621852,2.127318057,0,0.286247962,0.094019901,1.500634797,0.249645011,0.459530766,0.075433255,0,0.458439278,0.585878356,0.335437,0.915678052,1.207168387,0.775581366,0.735290508,2.443772111,1.254024131,1.344895152,0.808370346,0.399392655,0.471769302,0.942541129,0.885680589,0.89209351,0.748782088,1.28990227,0.11044626,0.062447564,0.001750807,0.486382931,0.166914905,0.322744896,0.019332528,0.787679107,3.128634255,0.002238247,0.427110275,0.470174346,0.075444124,0.326012084,0,2.845083819,0.892598033,0,0.045064035,0.13730996,0.185869506,1.89331679,0.417779425
Red Deer,0.090903791,1.217371468,0.175582011,0.093601611,0,0.34258379,0.106447623,0.012976284,2.992326614,1.082478114,0.351965262,0.732108224,0.370588349,0.003693331,1.281153493,0.836686961,0,0.321348104,0,0.108871597,0.406194734,0.796052356,0.253983678,0.363803323,0.116673873,0,0.106361351,3.809225249,0.76198607,0.758886781,1.518859388,1.157840151,0.664263082,0.807458,1.190672626,0.903638251,0.88906809,0.564561408,0.963344076,1.5622106,0.869968116,1.400596082,1.056754208,0.926475869,0.34323245,0.306436949,0.028434029,0.684593292,0,0.663636151,10.66056035,0,1.022053571,0.66384825,0.192988087,1.519040309,0.327227016,0.105930761,0,0.131659119,0.821711563,6.696952991,0.752773989,0.014047384,0.17324124,0.244942583,0.164574659
Regina--Moose Mountain,0,2.525520005,0.062448991,0.033222241,0.034972118,0.798068195,4.63081508,0.279153403,0.89527922,0.813739686,0.135171949,0.950280512,0.779503794,2.648436422,0.804551089,1.013075303,0,0.357072069,0,0.015614063,0.337509841,1.075698148,0.062467032,2.559264691,0.041832609,0.072449503,1.025411173,0.097472211,0.849644154,0.991876095,1.249355912,1.065200591,0.912619266,0.84324702,1.201213469,1.022153816,0.825364496,0.750514272,1.124721362,1.4437596,0.971118184,1.067503208,1.034031782,0.749354865,0.834692773,0.262539925,2.290590393,0.623239397,0.555390543,2.549172728,4.540290418,0.140909328,1.779901128,0.113711643,0.360897027,0.722137422,0.04706434,0.106758192,0,0.834718836,0.926100141,1.672578591,2.301663446,0.422688647,0.132360722,0.003903221,0.565129824
Saguenay--Lac-Saint-Jean,0.021723116,0.424285977,1.055065392,0.167133184,0.035610733,0.484725487,0.15251547,0.125070413,0.783452772,0.551868672,0.16326194,1.160937182,1.035916199,0.459534502,1.605652952,0.191200971,0.023732582,1.540256622,0,10.31857218,0.945164547,1.184794625,0.294145744,0.244981091,0.255579013,4.426348873,1.113169674,0.49626061,0.898305493,1.286986232,1.39897706,0.804597553,0.95721229,1.109610508,1.08187662,0.829766147,0.762631067,0.932336606,1.611842497,1.524728251,1.013612861,1.162953974,1.000164156,0.404776902,0.289755043,0.85014586,1.636962363,0.581544251,0.113106472,1.03072962,0.012919334,2.23832591,0.913816823,0.247111554,0.401196616,2.017172845,0.793888611,0.324162935,0,1.293102108,0.890070386,0.035611047,5.340872706,0.06248756,1.610934457,0.12877368,2.980900218
Saint John--St. Stephen,0,0.479262506,0.733748877,0,0.009853122,1.195217085,0.391479675,0.015729859,0.989624713,0.624908289,0.536634498,3.441582577,0.227100691,2.892179459,1.719117762,0.64693218,9.532456483,1.667553868,0,2.73626547,0.070312361,1.061719164,0.575017481,0.559419987,0,0.061236249,0.0143257,0.01961574,1.023641605,1.276125788,0.139135909,1.223592355,1.50683868,0.881035744,1.082507327,0.916940188,0.804997542,0.80270029,0.806860302,1.025055412,0.583843336,0.98892041,0.782420814,1.150825624,0.1764274,0.483579234,0.104571095,1.878538581,0,0.962800638,8.550020931,4.811652771,1.972180622,0.466132976,0.096328351,0.297669461,0.273009729,0.219153774,0,0.027571498,1.129744322,0.122113613,0,0.096483044,0.039437209,8.346738541,1.220399814
Saskatoon--Biggar,0,1.554212835,0.72182823,0.16292977,0.033320211,0.618616866,1.8466611,4.582241779,0.780547836,0.856273906,0.353682522,1.380931501,1.837034678,1.081430396,1.025719283,0.50202291,0,0.976812943,0.132645746,0.080758323,0.353121368,1.180032241,0.337665074,0.238692421,0.068325681,1.656656453,0.94813954,1.341849481,0.838494528,1.036362181,1.34573623,1.153757452,1.033701429,0.825117215,1.067831732,0.993110477,0.799674046,0.895830585,0.831096916,1.422324793,0.875740265,1.326766942,0.993257797,0.746900559,0.351428191,0.684408349,2.496235459,0.566607907,0,11.87016378,0.905262936,0,1.23980669,0.199909217,0.371345495,0.971591056,0.283774599,0.215985282,0,3.384536741,1.252547213,1.698435684,0.087425201,0.026072908,0.493311854,0.05418899,0.467227518
South Central / Centre sud,0,7.710686756,1.037059633,0.701753248,0,0.163485759,0.019041239,0,0.498578092,0.809133702,0.549810929,3.868960444,0.219521604,0,1.540335422,0.170966836,0,1.46747031,0,0.013632386,11.31796378,0.679795681,0.046434844,0.189807205,0,13.28344265,0.022196775,0.63218191,0.289710864,0.593348838,2.803076385,0.375356393,1.150687933,0.579094032,1.500800295,0.690698896,1.261996659,0.839909635,0.516161536,1.237885184,0.769361886,0.898782207,0.674611503,0.584722201,0.33208005,3.971401457,0.005086249,0.788092289,0,0.678615478,0.16301012,0.014763079,0.039176543,1.640875076,7.647528974,6.989646281,1.400870659,0.267659154,0,68.60786847,1.446902302,0.034459385,0.196372487,0.000774001,0.015276372,0,0.620817069
South Coast--Burin Peninsula / Côte-sud--Burin Peninsula,0,0,1.727790579,0,0,0.095648071,0,0.158325921,0.074182267,0.385994018,0,0,0.308961342,2.253148974,1.12906984,0.152139565,57.77758066,0,0,0,0.172920227,1.197040576,0,0.020550131,0,0,0,0,0.21922027,2.029511795,0.122775201,0.500076791,1.817125051,1.755346524,1.341028771,0.715269809,0.954267483,0.362307411,0.764836374,1.358621388,0.431774243,0.766192118,1.271974127,1.14521536,0.015225543,0,0,0,0,21.03007928,3.420364502,0,0.933148364,1.359227582,0.230851138,0.656648574,0,0.813135001,0,0,0.48839146,0,0,0.000502799,0.049618471,29.15533179,0.024281941
Southeast / Sud-est,0,4.335805268,0.2113049,0.357533928,4.813260364,0.18371647,0.451767852,0.153681056,0.69627866,0.471051555,0.319591104,1.649018979,0.259937926,0,6.890306258,0.146199429,0,1.08947545,0,0.481372598,21.83245698,1.145065653,0.008488879,0.007978898,0.1381795,1.196558876,0.041988716,3.50329241,0.383629076,0.633317023,3.029831729,0.53987482,1.463165041,0.641537166,0.610020038,0.655695109,0.971055729,0.484191995,0.948728907,1.540665577,1.210579346,1.844275167,0.452386319,0.904960018,0.238484747,0.143095906,3.35693364,1.697531254,0,3.429402848,0.127884928,0.465445035,0.148217277,0.410400553,0.134447144,0.394397541,0.091773811,0.06486354,0,1.365195234,1.279076563,0.217284623,0.082548816,0.027502662,0.581411155,0,2.786700888
Southern / Sud,2.814987495,3.862826568,0.712041257,0.170114697,0,0.167392269,0,0,0.096956843,0.957347405,0,0.297809095,0.465062868,0.159755129,0.779889352,0.173942936,47.54641074,0.823574411,0.244939923,1.703176574,0.330781577,1.336872685,0.102897536,0.05464001,6.434582827,0.546274189,0.03833886,0.503963738,0.372258756,0.8559484,2.095517413,0.610381121,0.856491215,1.320980555,1.459288541,0.83937414,1.029263823,0.414867419,0.911282242,1.262781313,0.544957287,0.62205321,1.120289681,0.519782162,0.248009672,0.174209787,0,0.126383254,0,0.31313031,0.060628567,0,0.248111486,0.150210658,0.278256837,0.497081725,0.061903128,0.750576769,0,0.003279451,0.285847996,0,0.618060951,0.034024502,15.33757878,9.135242937,1.809505516
Southwest / Sud-ouest,0,5.659642856,0.014003279,0,0.803784602,0.168875043,0.020050121,0.025663782,0.321403206,0.77723507,0,2.426026781,0.705780219,2.191340159,0.86683073,0.641186186,0,1.043961055,0,0.150724192,0.033635329,1.479885151,0.235092213,0.189870763,0,0.099908952,0,17.20520233,0.495717089,1.255681984,1.912388719,4.331848647,1.499508035,1.035584036,1.287993738,0.908543265,1.209260037,0.375541827,0.755253497,1.521260682,0.91383023,0.847554079,1.047814125,0.354739117,0.163147171,0.206343557,0.005355739,0.069374365,0,0.00552777,1.125283978,0,1.938856943,0.012552508,0.336777578,0.721309302,0.316091672,0.240283256,0,0.700193704,0.994798359,8.204906797,0,0.02377888,0.01398362,0,0.480188619
Stratford--Bruce Peninsula,1.357732606,3.225646993,0.169391353,3.275690963,0,0.261276698,0.004153625,0.329626856,1.290870128,0.764206861,0.031589096,1.265242167,0.071082177,9.39097209,0.750257274,0.51854576,0.073981432,2.546036556,5.38259284,0.202214742,2.298635789,1.86153321,0.060682389,0.426463582,0.047802893,0,0.85702831,2.99143693,0.478437712,0.935671438,1.43825949,0.728023446,1.015131012,1.016905748,1.166948542,1.111295109,1.210658219,1.207701041,0.807925532,1.014801909,0.808159,1.0920131,0.974383755,0.601074132,0.164845757,0.121077196,0.001109506,1.032473956,0,4.210020313,0.199283771,0.644078728,1.64935998,2.959390981,1.85116537,1.459939731,0.725426127,2.807784001,0,0.959525768,0.765545066,0.444037414,1.048674401,0.031447491,4.173848859,1.14629253,1.026867051
Swift Current--Moose Jaw,0,5.521618788,0.400446819,0,0,0.1821012,5.070725806,0.036158411,1.38660847,1.043242227,0.013929347,0.182811909,0.384558302,0.010291465,1.213916924,0.22410895,0,1.289515319,0,0,0.118875673,1.672856841,0,0.11263754,0,0,0,3.390837999,0.63315333,0.869214494,1.905147126,0.875034955,2.063181891,0.935392139,1.862659384,1.006870822,0.663566738,0.669658543,0.905464945,1.78726675,1.027162365,0.804614985,1.261828743,0.771325247,0.540431105,0.084169786,0.222602545,0.008933163,0,2.861709703,2.697598815,0,0.2518597,0.00728025,0.200342428,2.265818945,0.026990926,0.045783702,0,10.76140883,0.885995678,0.086283939,0.067977924,0.008038036,0.788076304,0,0.1164555
Thompson--Okanagan,0.151688516,2.066973191,0.075925338,0.191610055,0.043585906,0.449163684,0.658363323,0.160573905,0.472122172,0.624591001,0.501773345,0.530608032,0.454448154,0.24831857,1.040002545,0.62774266,0.020482277,1.996511096,0.09343,4.532654228,1.171245744,2.372508687,0.462165878,0.18271409,0.168439924,0.729298801,0.458218448,0.228275699,0.780173115,0.925792499,1.07733573,1.196773011,1.184638045,1.036166691,1.068786422,1.334986993,1.282449917,0.693227901,0.7022055,1.326727294,1.01266259,1.304170345,1.023124777,0.585424504,0.470852779,0.404962118,2.817168054,0.344751465,0.053245054,0.952448766,0.052762321,0.487942082,1.026698034,0.550203609,0.420322488,0.43615366,0.604712326,0.029379351,0,2.959611841,1.409965322,0.042517432,0.073313577,0.229861699,0.661253654,1.517755636,4.087839315
Toronto,0.739765749,0.16519873,1.082086136,1.291098744,1.733731511,1.672050015,0.357720095,1.395034483,0.693507722,1.53872691,1.656531082,0.953326386,0.834609102,1.159409981,0.567542899,1.998214865,0.02256612,0.834738806,0.470727322,0.026294672,1.45122657,0.649469428,1.478935629,1.396458753,0.706115271,0.888102565,1.106016579,0.620958769,1.243978433,0.894264476,0.472353626,0.86009814,1.071295009,0.928412788,0.861266346,0.85520473,0.932332179,1.150640894,1.009842631,0.679992127,0.868621473,0.866546206,0.942489505,0.747975098,2.265491801,1.050323829,0.517681122,1.141578235,2.722516653,0.273407447,0.071309761,0.845217495,1.141874577,1.277451647,1.473855345,0.70019762,0.941884241,0.608986027,0.241466955,0.199462119,0.738412675,0.508824934,0.441783223,1.295221393,0.540204562,0.159590484,0.287170595
Vancouver Island and Coast / Île de Vancouver et la côte,0.531548582,0.637515697,0.157920532,0.02001234,0.172556676,0.631407792,0.11912366,0.291921646,0.443602964,0.357452091,0.089574766,0.485855718,1.362197941,0.017553636,1.447769223,0.731117509,2.132639427,0.660659144,1.112428955,5.479158452,0.363627606,1.811524382,0.617860601,0.162768501,0.351200264,0.336132871,0.07301861,0.112800361,1.107535395,1.106095013,1.192193385,1.078544482,1.051563887,1.196151751,0.993736051,1.322733659,1.044495547,0.694997345,1.44853226,1.024352505,1.087439382,1.197894413,1.044377335,0.408209127,0.646202357,0.409327918,0.049136549,0.268375334,0.327207684,0.154805778,0.024712911,2.116922391,0.774353506,0.083046067,0.330595766,0.243960046,0.503090717,0.074654506,0,0.601162355,0.660236938,0.285334503,0.047482866,0.102534161,0.156701643,7.185031218,1.751148948
West Coast--Northern Peninsula--Labrador / Côte-ouest--Northern Peninsula--Labrador,0,0.022916799,0.118665742,0,0,0.320103269,12.00790511,0,4.777889895,1.335279981,0.331403276,0.096532903,0.576880302,3.619538673,0.987167263,0.165614791,21.68934519,0.010890689,0,1.478774107,0.007310137,1.653165642,0,0.06949992,0.150450983,0.651411604,0,0.100159661,0.457603008,1.596458458,0.121547508,0.830647991,0.82274115,1.251306387,1.061341271,0.761196208,0.77548336,0.287593461,0.604456995,1.811010384,0.389729757,1.131170425,1.171016194,0.364423471,0.056743249,0.207738676,20.82584756,0.047584401,0,6.28807783,0.00481982,3.344750679,0.869659957,0,0.058554865,0.089629459,0,0,0,0,1.316705376,0.19964681,0.269639503,0.005313912,0,3.790242119,0.266892554
Windsor--Sarnia,0.306190353,4.396307118,0.220320977,8.209501772,1.413262233,0.531990515,0.024285638,0.004690603,0.973337642,0.642618744,2.056184211,1.211576829,1.076681948,0.225622936,2.462008016,0.380418173,0.655973895,1.423631075,0,0.040666178,0.375239562,0.835696643,0.284587727,0.666661473,0.674795107,0.858242984,0.228545907,0.225785386,0.742865014,1.102856616,1.171267976,0.65111125,0.958622855,0.817298754,1.125766885,0.999646498,0.86996021,1.371063426,0.776565053,1.056622018,0.876833968,0.899291133,0.936354597,1.795033955,0.333701783,0.560255893,0.00648712,9.469475128,0.046661019,0.948101899,1.139840601,0.198886252,0.546630568,3.551487121,1.374689818,1.890474674,0.98386155,0.930516497,0.351849307,0.929063966,1.208588207,5.993768999,1.863922139,0.044119945,1.180597922,0.171178556,0.316853356
Winnipeg,3.770683776,0.387518034,2.333090045,1.02775249,2.110567386,0.655141111,0.082212616,0.214651728,0.927830747,0.767449438,0.305255562,1.287863799,0.610451559,2.129051509,0.741100544,1.098983623,0.339424783,0.819181904,3.434618181,0.007276515,0.959378369,1.021159352,0.31727533,1.437797329,2.427123219,1.443374557,1.027805484,1.409775899,1.155041192,1.376427524,1.339824688,0.855990189,0.963503539,0.974303728,1.262384408,0.977936435,0.880678549,0.722950785,0.768647344,1.105630699,1.219604331,1.011924028,1.116284652,0.672397762,0.671356374,0.740117632,0.021960433,0.673171033,0.323531083,0.066363852,0.069691942,0.587063093,0.7885242,1.34081788,1.748215137,1.472382422,0.360749279,0.096583868,0,0.66584906,1.353432692,0.62546887,0.077185961,0.43161428,0.468806305,0.004092731,0.34210097
Wood Buffalo--Cold Lake,0,0.349665944,0.010716102,0.001426635,0,0.628887275,0.452632904,0.01963938,2.20630846,1.21663135,0,0.110889237,0.505635343,1.788733454,2.308180965,0.091529198,0.006832185,0.00884728,0,1.04357671,0.02801531,1.46639242,0,0.137652501,0,0,0,0.024491063,1.433842518,0.623028081,1.081725515,0.888852758,0.599368271,0.924731369,0.590876247,0.941188723,0.696733252,0.605922953,2.529987714,1.445243511,0.687186429,1.619664879,0.912786312,1.663022577,0.266497955,0.457166769,0.120906196,0.410772938,0,3.787341524,11.30553263,0,0.010522859,0.004657401,0.125997069,0.03901668,0.121747471,0.004144557,0,0.018359549,1.552271591,0.726407117,0,0.028854649,0.024619493,0.008238141,0.248400636
Yorkton--Melville,0,2.261627779,0.050763276,0.026787126,0,0.134134941,1.98063022,0,0.305341402,0.928664293,0.02303221,0.222712708,0.475754073,0,1.845574403,0.257020968,0,1.748567064,0,0.494352992,0.071126653,1.09153314,0.00194522,0.639998573,0,0,0,6.984203938,0.456158578,0.839853026,1.281635423,0.736304643,2.369090889,1.040046382,1.737068681,0.793145022,0.867244135,0.85516988,0.957432057,2.106317009,0.942871844,1.092520638,1.157630713,1.046614683,0.506664115,0.209217788,0.529061107,0.271596416,0,38.63176718,0.527776516,0,0.049847864,0.088545855,0.094955166,2.063173847,0.017361571,0.275058425,0,2.361611659,0.44401187,3.60756817,0,0.000886348,0,0,0.214024351
Yukon,0,0.053824467,0.04288808,0,0,0.426971941,12.64322527,0.078600901,0.319070697,0.368622511,0.194590926,0.016619704,1.190411995,2.237151546,3.097293196,1.042309647,0.054687663,0.275341343,0,0.285768189,0.112853091,3.500963062,0.142207852,0.051010562,0.353362785,0,0,0,0.843243262,1.36300016,0.39720729,1.429883072,0.78934774,1.500999131,0.793291167,1.043258787,0.624601592,0.408789792,0.95859895,1.060264588,1.307990766,1.279345796,0.695605363,1.825153726,0.4010451,0.06098923,10.30147947,0,0,4.664266288,0.011320266,0,1.431899152,0.688284282,0.471588411,0,0,0.016587382,0,0,4.734869812,0,0,0.040158209,0,0,0.116875598
